date,volume,day_of_week,month,year
2021-01-01,1175,Friday,1,2021
2021-01-02,1047,Saturday,1,2021
2021-01-03,1090,Sunday,1,2021
2021-01-04,1238,Monday,1,2021
2021-01-05,1154,Tuesday,1,2021
2021-01-06,1158,Wednesday,1,2021
2021-01-07,1252,Thursday,1,2021
2021-01-08,1216,Friday,1,2021
2021-01-09,1058,Saturday,1,2021
2021-01-10,1112,Sunday,1,2021
2021-01-11,1166,Monday,1,2021
2021-01-12,1169,Tuesday,1,2021
2021-01-13,1209,Wednesday,1,2021
2021-01-14,1105,Thursday,1,2021
2021-01-15,1118,Friday,1,2021
2021-01-16,1080,Saturday,1,2021
2021-01-17,1061,Sunday,1,2021
2021-01-18,1231,Monday,1,2021
2021-01-19,1174,Tuesday,1,2021
2021-01-20,1152,Wednesday,1,2021
2021-01-21,1300,Thursday,1,2021
2021-01-22,1219,Friday,1,2021
2021-01-23,1137,Saturday,1,2021
2021-01-24,1066,Sunday,1,2021
2021-01-25,1214,Monday,1,2021
2021-01-26,1350,Tuesday,1,2021
2021-01-27,1291,Wednesday,1,2021
2021-01-28,1371,Thursday,1,2021
2021-01-29,1325,Friday,1,2021
2021-01-30,1244,Saturday,1,2021
2021-01-31,1232,Sunday,1,2021
2021-02-01,1359,Monday,2,2021
2021-02-02,1269,Tuesday,2,2021
2021-02-03,1220,Wednesday,2,2021
2021-02-04,1317,Thursday,2,2021
2021-02-05,1218,Friday,2,2021
2021-02-06,1193,Saturday,2,2021
2021-02-07,1088,Sunday,2,2021
2021-02-08,1223,Monday,2,2021
2021-02-09,1302,Tuesday,2,2021
2021-02-10,1332,Wednesday,2,2021
2021-02-11,1307,Thursday,2,2021
2021-02-12,1296,Friday,2,2021
2021-02-13,1189,Saturday,2,2021
2021-02-14,1134,Sunday,2,2021
2021-02-15,1274,Monday,2,2021
2021-02-16,1290,Tuesday,2,2021
2021-02-17,1369,Wednesday,2,2021
2021-02-18,1336,Thursday,2,2021
2021-02-19,1234,Friday,2,2021
2021-02-20,1241,Saturday,2,2021
2021-02-21,1208,Sunday,2,2021
2021-02-22,1296,Monday,2,2021
2021-02-23,1363,Tuesday,2,2021
2021-02-24,1387,Wednesday,2,2021
2021-02-25,1384,Thursday,2,2021
2021-02-26,1398,Friday,2,2021
2021-02-27,1327,Saturday,2,2021
2021-02-28,1361,Sunday,2,2021
2021-03-01,1396,Monday,3,2021
2021-03-02,1325,Tuesday,3,2021
2021-03-03,1342,Wednesday,3,2021
2021-03-04,1298,Thursday,3,2021
2021-03-05,1296,Friday,3,2021
2021-03-06,1298,Saturday,3,2021
2021-03-07,1327,Sunday,3,2021
2021-03-08,1358,Monday,3,2021
2021-03-09,1414,Tuesday,3,2021
2021-03-10,1383,Wednesday,3,2021
2021-03-11,1335,Thursday,3,2021
2021-03-12,1387,Friday,3,2021
2021-03-13,1347,Saturday,3,2021
2021-03-14,1270,Sunday,3,2021
2021-03-15,1452,Monday,3,2021
2021-03-16,1244,Tuesday,3,2021
2021-03-17,1418,Wednesday,3,2021
2021-03-18,1382,Thursday,3,2021
2021-03-19,1364,Friday,3,2021
2021-03-20,1285,Saturday,3,2021
2021-03-21,1182,Sunday,3,2021
2021-03-22,1372,Monday,3,2021
2021-03-23,1402,Tuesday,3,2021
2021-03-24,1459,Wednesday,3,2021
2021-03-25,1360,Thursday,3,2021
2021-03-26,1446,Friday,3,2021
2021-03-27,1363,Saturday,3,2021
2021-03-28,1434,Sunday,3,2021
2021-03-29,1506,Monday,3,2021
2021-03-30,1463,Tuesday,3,2021
2021-03-31,1516,Wednesday,3,2021
2021-04-01,1396,Thursday,4,2021
2021-04-02,1440,Friday,4,2021
2021-04-03,1257,Saturday,4,2021
2021-04-04,1276,Sunday,4,2021
2021-04-05,1373,Monday,4,2021
2021-04-06,1320,Tuesday,4,2021
2021-04-07,1408,Wednesday,4,2021
2021-04-08,1406,Thursday,4,2021
2021-04-09,1394,Friday,4,2021
2021-04-10,1282,Saturday,4,2021
2021-04-11,1223,Sunday,4,2021
2021-04-12,1372,Monday,4,2021
2021-04-13,1376,Tuesday,4,2021
2021-04-14,1353,Wednesday,4,2021
2021-04-15,1385,Thursday,4,2021
2021-04-16,1413,Friday,4,2021
2021-04-17,1386,Saturday,4,2021
2021-04-18,1300,Sunday,4,2021
2021-04-19,1404,Monday,4,2021
2021-04-20,1387,Tuesday,4,2021
2021-04-21,1294,Wednesday,4,2021
2021-04-22,1388,Thursday,4,2021
2021-04-23,1392,Friday,4,2021
2021-04-24,1411,Saturday,4,2021
2021-04-25,1277,Sunday,4,2021
2021-04-26,1501,Monday,4,2021
2021-04-27,1483,Tuesday,4,2021
2021-04-28,1426,Wednesday,4,2021
2021-04-29,1540,Thursday,4,2021
2021-04-30,1520,Friday,4,2021
2021-05-01,1320,Saturday,5,2021
2021-05-02,1234,Sunday,5,2021
2021-05-03,1449,Monday,5,2021
2021-05-04,1307,Tuesday,5,2021
2021-05-05,1405,Wednesday,5,2021
2021-05-06,1484,Thursday,5,2021
2021-05-07,1323,Friday,5,2021
2021-05-08,1243,Saturday,5,2021
2021-05-09,1275,Sunday,5,2021
2021-05-10,1343,Monday,5,2021
2021-05-11,1289,Tuesday,5,2021
2021-05-12,1368,Wednesday,5,2021
2021-05-13,1310,Thursday,5,2021
2021-05-14,1385,Friday,5,2021
2021-05-15,1214,Saturday,5,2021
2021-05-16,1335,Sunday,5,2021
2021-05-17,1317,Monday,5,2021
2021-05-18,1338,Tuesday,5,2021
2021-05-19,1392,Wednesday,5,2021
2021-05-20,1288,Thursday,5,2021
2021-05-21,1359,Friday,5,2021
2021-05-22,1311,Saturday,5,2021
2021-05-23,1163,Sunday,5,2021
2021-05-24,1350,Monday,5,2021
2021-05-25,1352,Tuesday,5,2021
2021-05-26,1476,Wednesday,5,2021
2021-05-27,1372,Thursday,5,2021
2021-05-28,1366,Friday,5,2021
2021-05-29,1356,Saturday,5,2021
2021-05-30,1342,Sunday,5,2021
2021-05-31,1437,Monday,5,2021
2021-06-01,1340,Tuesday,6,2021
2021-06-02,1286,Wednesday,6,2021
2021-06-03,1329,Thursday,6,2021
2021-06-04,1329,Friday,6,2021
2021-06-05,1176,Saturday,6,2021
2021-06-06,1303,Sunday,6,2021
2021-06-07,1330,Monday,6,2021
2021-06-08,1245,Tuesday,6,2021
2021-06-09,1334,Wednesday,6,2021
2021-06-10,1250,Thursday,6,2021
2021-06-11,1335,Friday,6,2021
2021-06-12,1251,Saturday,6,2021
2021-06-13,1149,Sunday,6,2021
2021-06-14,1336,Monday,6,2021
2021-06-15,1305,Tuesday,6,2021
2021-06-16,1323,Wednesday,6,2021
2021-06-17,1374,Thursday,6,2021
2021-06-18,1264,Friday,6,2021
2021-06-19,1136,Saturday,6,2021
2021-06-20,1126,Sunday,6,2021
2021-06-21,1227,Monday,6,2021
2021-06-22,1261,Tuesday,6,2021
2021-06-23,1279,Wednesday,6,2021
2021-06-24,1273,Thursday,6,2021
2021-06-25,1297,Friday,6,2021
2021-06-26,1253,Saturday,6,2021
2021-06-27,1322,Sunday,6,2021
2021-06-28,1334,Monday,6,2021
2021-06-29,1480,Tuesday,6,2021
2021-06-30,1372,Wednesday,6,2021
2021-07-01,1195,Thursday,7,2021
2021-07-02,1181,Friday,7,2021
2021-07-03,1156,Saturday,7,2021
2021-07-04,1118,Sunday,7,2021
2021-07-05,1262,Monday,7,2021
2021-07-06,1247,Tuesday,7,2021
2021-07-07,1216,Wednesday,7,2021
2021-07-08,1175,Thursday,7,2021
2021-07-09,1138,Friday,7,2021
2021-07-10,1089,Saturday,7,2021
2021-07-11,1151,Sunday,7,2021
2021-07-12,1216,Monday,7,2021
2021-07-13,1140,Tuesday,7,2021
2021-07-14,1208,Wednesday,7,2021
2021-07-15,1216,Thursday,7,2021
2021-07-16,1149,Friday,7,2021
2021-07-17,1098,Saturday,7,2021
2021-07-18,1091,Sunday,7,2021
2021-07-19,1128,Monday,7,2021
2021-07-20,1200,Tuesday,7,2021
2021-07-21,1207,Wednesday,7,2021
2021-07-22,1231,Thursday,7,2021
2021-07-23,1226,Friday,7,2021
2021-07-24,1002,Saturday,7,2021
2021-07-25,1021,Sunday,7,2021
2021-07-26,1291,Monday,7,2021
2021-07-27,1288,Tuesday,7,2021
2021-07-28,1286,Wednesday,7,2021
2021-07-29,1450,Thursday,7,2021
2021-07-30,1283,Friday,7,2021
2021-07-31,1209,Saturday,7,2021
2021-08-01,1097,Sunday,8,2021
2021-08-02,1180,Monday,8,2021
2021-08-03,1129,Tuesday,8,2021
2021-08-04,1180,Wednesday,8,2021
2021-08-05,1101,Thursday,8,2021
2021-08-06,1125,Friday,8,2021
2021-08-07,1011,Saturday,8,2021
2021-08-08,1037,Sunday,8,2021
2021-08-09,1246,Monday,8,2021
2021-08-10,1035,Tuesday,8,2021
2021-08-11,1160,Wednesday,8,2021
2021-08-12,1043,Thursday,8,2021
2021-08-13,1098,Friday,8,2021
2021-08-14,1074,Saturday,8,2021
2021-08-15,1020,Sunday,8,2021
2021-08-16,1061,Monday,8,2021
2021-08-17,1077,Tuesday,8,2021
2021-08-18,1145,Wednesday,8,2021
2021-08-19,1073,Thursday,8,2021
2021-08-20,1118,Friday,8,2021
2021-08-21,1008,Saturday,8,2021
2021-08-22,971,Sunday,8,2021
2021-08-23,1209,Monday,8,2021
2021-08-24,1132,Tuesday,8,2021
2021-08-25,997,Wednesday,8,2021
2021-08-26,1206,Thursday,8,2021
2021-08-27,1162,Friday,8,2021
2021-08-28,1137,Saturday,8,2021
2021-08-29,1053,Sunday,8,2021
2021-08-30,1185,Monday,8,2021
2021-08-31,1215,Tuesday,8,2021
2021-09-01,1132,Wednesday,9,2021
2021-09-02,1027,Thursday,9,2021
2021-09-03,1069,Friday,9,2021
2021-09-04,961,Saturday,9,2021
2021-09-05,951,Sunday,9,2021
2021-09-06,1171,Monday,9,2021
2021-09-07,1102,Tuesday,9,2021
2021-09-08,1018,Wednesday,9,2021
2021-09-09,1126,Thursday,9,2021
2021-09-10,1185,Friday,9,2021
2021-09-11,1030,Saturday,9,2021
2021-09-12,902,Sunday,9,2021
2021-09-13,1053,Monday,9,2021
2021-09-14,1140,Tuesday,9,2021
2021-09-15,1040,Wednesday,9,2021
2021-09-16,1097,Thursday,9,2021
2021-09-17,1114,Friday,9,2021
2021-09-18,928,Saturday,9,2021
2021-09-19,971,Sunday,9,2021
2021-09-20,912,Monday,9,2021
2021-09-21,1022,Tuesday,9,2021
2021-09-22,1061,Wednesday,9,2021
2021-09-23,1011,Thursday,9,2021
2021-09-24,1155,Friday,9,2021
2021-09-25,902,Saturday,9,2021
2021-09-26,1051,Sunday,9,2021
2021-09-27,1180,Monday,9,2021
2021-09-28,1246,Tuesday,9,2021
2021-09-29,1102,Wednesday,9,2021
2021-09-30,1233,Thursday,9,2021
2021-10-01,1075,Friday,10,2021
2021-10-02,926,Saturday,10,2021
2021-10-03,999,Sunday,10,2021
2021-10-04,1086,Monday,10,2021
2021-10-05,1047,Tuesday,10,2021
2021-10-06,1081,Wednesday,10,2021
2021-10-07,1059,Thursday,10,2021
2021-10-08,1085,Friday,10,2021
2021-10-09,1013,Saturday,10,2021
2021-10-10,1060,Sunday,10,2021
2021-10-11,1020,Monday,10,2021
2021-10-12,1190,Tuesday,10,2021
2021-10-13,986,Wednesday,10,2021
2021-10-14,1078,Thursday,10,2021
2021-10-15,1116,Friday,10,2021
2021-10-16,1002,Saturday,10,2021
2021-10-17,958,Sunday,10,2021
2021-10-18,1080,Monday,10,2021
2021-10-19,1067,Tuesday,10,2021
2021-10-20,1064,Wednesday,10,2021
2021-10-21,1137,Thursday,10,2021
2021-10-22,1114,Friday,10,2021
2021-10-23,963,Saturday,10,2021
2021-10-24,1045,Sunday,10,2021
2021-10-25,1117,Monday,10,2021
2021-10-26,1244,Tuesday,10,2021
2021-10-27,1237,Wednesday,10,2021
2021-10-28,1166,Thursday,10,2021
2021-10-29,1181,Friday,10,2021
2021-10-30,1149,Saturday,10,2021
2021-10-31,1144,Sunday,10,2021
2021-11-01,1114,Monday,11,2021
2021-11-02,1124,Tuesday,11,2021
2021-11-03,1184,Wednesday,11,2021
2021-11-04,1093,Thursday,11,2021
2021-11-05,1152,Friday,11,2021
2021-11-06,1017,Saturday,11,2021
2021-11-07,1018,Sunday,11,2021
2021-11-08,1187,Monday,11,2021
2021-11-09,1176,Tuesday,11,2021
2021-11-10,1178,Wednesday,11,2021
2021-11-11,1205,Thursday,11,2021
2021-11-12,1143,Friday,11,2021
2021-11-13,1079,Saturday,11,2021
2021-11-14,1032,Sunday,11,2021
2021-11-15,1167,Monday,11,2021
2021-11-16,1147,Tuesday,11,2021
2021-11-17,1161,Wednesday,11,2021
2021-11-18,1189,Thursday,11,2021
2021-11-19,1121,Friday,11,2021
2021-11-20,1170,Saturday,11,2021
2021-11-21,1018,Sunday,11,2021
2021-11-22,1111,Monday,11,2021
2021-11-23,1232,Tuesday,11,2021
2021-11-24,1217,Wednesday,11,2021
2021-11-25,1212,Thursday,11,2021
2021-11-26,1316,Friday,11,2021
2021-11-27,1187,Saturday,11,2021
2021-11-28,1146,Sunday,11,2021
2021-11-29,1298,Monday,11,2021
2021-11-30,1264,Tuesday,11,2021
2021-12-01,1250,Wednesday,12,2021
2021-12-02,1197,Thursday,12,2021
2021-12-03,1167,Friday,12,2021
2021-12-04,1095,Saturday,12,2021
2021-12-05,1135,Sunday,12,2021
2021-12-06,1190,Monday,12,2021
2021-12-07,1181,Tuesday,12,2021
2021-12-08,1238,Wednesday,12,2021
2021-12-09,1241,Thursday,12,2021
2021-12-10,1207,Friday,12,2021
2021-12-11,1113,Saturday,12,2021
2021-12-12,1152,Sunday,12,2021
2021-12-13,1171,Monday,12,2021
2021-12-14,1177,Tuesday,12,2021
2021-12-15,1215,Wednesday,12,2021
2021-12-16,1244,Thursday,12,2021
2021-12-17,1274,Friday,12,2021
2021-12-18,1236,Saturday,12,2021
2021-12-19,1209,Sunday,12,2021
2021-12-20,1262,Monday,12,2021
2021-12-21,1273,Tuesday,12,2021
2021-12-22,1228,Wednesday,12,2021
2021-12-23,1281,Thursday,12,2021
2021-12-24,1271,Friday,12,2021
2021-12-25,1206,Saturday,12,2021
2021-12-26,1252,Sunday,12,2021
2021-12-27,1423,Monday,12,2021
2021-12-28,1478,Tuesday,12,2021
2021-12-29,1400,Wednesday,12,2021
2021-12-30,1429,Thursday,12,2021
2021-12-31,1447,Friday,12,2021
2022-01-01,1197,Saturday,1,2022
2022-01-02,1232,Sunday,1,2022
2022-01-03,1325,Monday,1,2022
2022-01-04,1333,Tuesday,1,2022
2022-01-05,1294,Wednesday,1,2022
2022-01-06,1338,Thursday,1,2022
2022-01-07,1365,Friday,1,2022
2022-01-08,1317,Saturday,1,2022
2022-01-09,1296,Sunday,1,2022
2022-01-10,1459,Monday,1,2022
2022-01-11,1317,Tuesday,1,2022
2022-01-12,1403,Wednesday,1,2022
2022-01-13,1372,Thursday,1,2022
2022-01-14,1477,Friday,1,2022
2022-01-15,1231,Saturday,1,2022
2022-01-16,1233,Sunday,1,2022
2022-01-17,1349,Monday,1,2022
2022-01-18,1276,Tuesday,1,2022
2022-01-19,1360,Wednesday,1,2022
2022-01-20,1352,Thursday,1,2022
2022-01-21,1401,Friday,1,2022
2022-01-22,1314,Saturday,1,2022
2022-01-23,1395,Sunday,1,2022
2022-01-24,1452,Monday,1,2022
2022-01-25,1379,Tuesday,1,2022
2022-01-26,1467,Wednesday,1,2022
2022-01-27,1540,Thursday,1,2022
2022-01-28,1453,Friday,1,2022
2022-01-29,1514,Saturday,1,2022
2022-01-30,1485,Sunday,1,2022
2022-01-31,1506,Monday,1,2022
2022-02-01,1347,Tuesday,2,2022
2022-02-02,1504,Wednesday,2,2022
2022-02-03,1434,Thursday,2,2022
2022-02-04,1505,Friday,2,2022
2022-02-05,1266,Saturday,2,2022
2022-02-06,1319,Sunday,2,2022
2022-02-07,1453,Monday,2,2022
2022-02-08,1458,Tuesday,2,2022
2022-02-09,1437,Wednesday,2,2022
2022-02-10,1493,Thursday,2,2022
2022-02-11,1412,Friday,2,2022
2022-02-12,1361,Saturday,2,2022
2022-02-13,1377,Sunday,2,2022
2022-02-14,1500,Monday,2,2022
2022-02-15,1513,Tuesday,2,2022
2022-02-16,1424,Wednesday,2,2022
2022-02-17,1406,Thursday,2,2022
2022-02-18,1550,Friday,2,2022
2022-02-19,1405,Saturday,2,2022
2022-02-20,1354,Sunday,2,2022
2022-02-21,1572,Monday,2,2022
2022-02-22,1502,Tuesday,2,2022
2022-02-23,1558,Wednesday,2,2022
2022-02-24,1505,Thursday,2,2022
2022-02-25,1607,Friday,2,2022
2022-02-26,1594,Saturday,2,2022
2022-02-27,1497,Sunday,2,2022
2022-02-28,1660,Monday,2,2022
2022-03-01,1546,Tuesday,3,2022
2022-03-02,1584,Wednesday,3,2022
2022-03-03,1470,Thursday,3,2022
2022-03-04,1555,Friday,3,2022
2022-03-05,1475,Saturday,3,2022
2022-03-06,1337,Sunday,3,2022
2022-03-07,1467,Monday,3,2022
2022-03-08,1426,Tuesday,3,2022
2022-03-09,1517,Wednesday,3,2022
2022-03-10,1568,Thursday,3,2022
2022-03-11,1609,Friday,3,2022
2022-03-12,1439,Saturday,3,2022
2022-03-13,1519,Sunday,3,2022
2022-03-14,1470,Monday,3,2022
2022-03-15,1455,Tuesday,3,2022
2022-03-16,1539,Wednesday,3,2022
2022-03-17,1563,Thursday,3,2022
2022-03-18,1543,Friday,3,2022
2022-03-19,1343,Saturday,3,2022
2022-03-20,1443,Sunday,3,2022
2022-03-21,1483,Monday,3,2022
2022-03-22,1583,Tuesday,3,2022
2022-03-23,1569,Wednesday,3,2022
2022-03-24,1505,Thursday,3,2022
2022-03-25,1527,Friday,3,2022
2022-03-26,1501,Saturday,3,2022
2022-03-27,1551,Sunday,3,2022
2022-03-28,1703,Monday,3,2022
2022-03-29,1607,Tuesday,3,2022
2022-03-30,1682,Wednesday,3,2022
2022-03-31,1631,Thursday,3,2022
2022-04-01,1518,Friday,4,2022
2022-04-02,1453,Saturday,4,2022
2022-04-03,1407,Sunday,4,2022
2022-04-04,1532,Monday,4,2022
2022-04-05,1500,Tuesday,4,2022
2022-04-06,1658,Wednesday,4,2022
2022-04-07,1562,Thursday,4,2022
2022-04-08,1525,Friday,4,2022
2022-04-09,1471,Saturday,4,2022
2022-04-10,1455,Sunday,4,2022
2022-04-11,1549,Monday,4,2022
2022-04-12,1591,Tuesday,4,2022
2022-04-13,1598,Wednesday,4,2022
2022-04-14,1533,Thursday,4,2022
2022-04-15,1531,Friday,4,2022
2022-04-16,1445,Saturday,4,2022
2022-04-17,1344,Sunday,4,2022
2022-04-18,1483,Monday,4,2022
2022-04-19,1626,Tuesday,4,2022
2022-04-20,1640,Wednesday,4,2022
2022-04-21,1544,Thursday,4,2022
2022-04-22,1585,Friday,4,2022
2022-04-23,1471,Saturday,4,2022
2022-04-24,1609,Sunday,4,2022
2022-04-25,1610,Monday,4,2022
2022-04-26,1646,Tuesday,4,2022
2022-04-27,1604,Wednesday,4,2022
2022-04-28,1571,Thursday,4,2022
2022-04-29,1660,Friday,4,2022
2022-04-30,1511,Saturday,4,2022
2022-05-01,1377,Sunday,5,2022
2022-05-02,1514,Monday,5,2022
2022-05-03,1491,Tuesday,5,2022
2022-05-04,1628,Wednesday,5,2022
2022-05-05,1587,Thursday,5,2022
2022-05-06,1541,Friday,5,2022
2022-05-07,1514,Saturday,5,2022
2022-05-08,1442,Sunday,5,2022
2022-05-09,1494,Monday,5,2022
2022-05-10,1611,Tuesday,5,2022
2022-05-11,1560,Wednesday,5,2022
2022-05-12,1480,Thursday,5,2022
2022-05-13,1520,Friday,5,2022
2022-05-14,1384,Saturday,5,2022
2022-05-15,1357,Sunday,5,2022
2022-05-16,1571,Monday,5,2022
2022-05-17,1618,Tuesday,5,2022
2022-05-18,1451,Wednesday,5,2022
2022-05-19,1547,Thursday,5,2022
2022-05-20,1484,Friday,5,2022
2022-05-21,1390,Saturday,5,2022
2022-05-22,1383,Sunday,5,2022
2022-05-23,1467,Monday,5,2022
2022-05-24,1510,Tuesday,5,2022
2022-05-25,1464,Wednesday,5,2022
2022-05-26,1617,Thursday,5,2022
2022-05-27,1599,Friday,5,2022
2022-05-28,1487,Saturday,5,2022
2022-05-29,1451,Sunday,5,2022
2022-05-30,1565,Monday,5,2022
2022-05-31,1629,Tuesday,5,2022
2022-06-01,1514,Wednesday,6,2022
2022-06-02,1438,Thursday,6,2022
2022-06-03,1489,Friday,6,2022
2022-06-04,1419,Saturday,6,2022
2022-06-05,1295,Sunday,6,2022
2022-06-06,1503,Monday,6,2022
2022-06-07,1440,Tuesday,6,2022
2022-06-08,1499,Wednesday,6,2022
2022-06-09,1430,Thursday,6,2022
2022-06-10,1375,Friday,6,2022
2022-06-11,1281,Saturday,6,2022
2022-06-12,1362,Sunday,6,2022
2022-06-13,1470,Monday,6,2022
2022-06-14,1409,Tuesday,6,2022
2022-06-15,1484,Wednesday,6,2022
2022-06-16,1366,Thursday,6,2022
2022-06-17,1443,Friday,6,2022
2022-06-18,1282,Saturday,6,2022
2022-06-19,1308,Sunday,6,2022
2022-06-20,1440,Monday,6,2022
2022-06-21,1391,Tuesday,6,2022
2022-06-22,1412,Wednesday,6,2022
2022-06-23,1479,Thursday,6,2022
2022-06-24,1397,Friday,6,2022
2022-06-25,1364,Saturday,6,2022
2022-06-26,1363,Sunday,6,2022
2022-06-27,1543,Monday,6,2022
2022-06-28,1586,Tuesday,6,2022
2022-06-29,1387,Wednesday,6,2022
2022-06-30,1468,Thursday,6,2022
2022-07-01,1434,Friday,7,2022
2022-07-02,1292,Saturday,7,2022
2022-07-03,1317,Sunday,7,2022
2022-07-04,1366,Monday,7,2022
2022-07-05,1397,Tuesday,7,2022
2022-07-06,1382,Wednesday,7,2022
2022-07-07,1445,Thursday,7,2022
2022-07-08,1397,Friday,7,2022
2022-07-09,1298,Saturday,7,2022
2022-07-10,1257,Sunday,7,2022
2022-07-11,1351,Monday,7,2022
2022-07-12,1350,Tuesday,7,2022
2022-07-13,1389,Wednesday,7,2022
2022-07-14,1345,Thursday,7,2022
2022-07-15,1378,Friday,7,2022
2022-07-16,1364,Saturday,7,2022
2022-07-17,1301,Sunday,7,2022
2022-07-18,1338,Monday,7,2022
2022-07-19,1412,Tuesday,7,2022
2022-07-20,1328,Wednesday,7,2022
2022-07-21,1244,Thursday,7,2022
2022-07-22,1293,Friday,7,2022
2022-07-23,1147,Saturday,7,2022
2022-07-24,1220,Sunday,7,2022
2022-07-25,1336,Monday,7,2022
2022-07-26,1516,Tuesday,7,2022
2022-07-27,1446,Wednesday,7,2022
2022-07-28,1416,Thursday,7,2022
2022-07-29,1466,Friday,7,2022
2022-07-30,1211,Saturday,7,2022
2022-07-31,1331,Sunday,7,2022
2022-08-01,1355,Monday,8,2022
2022-08-02,1240,Tuesday,8,2022
2022-08-03,1369,Wednesday,8,2022
2022-08-04,1326,Thursday,8,2022
2022-08-05,1286,Friday,8,2022
2022-08-06,1236,Saturday,8,2022
2022-08-07,1315,Sunday,8,2022
2022-08-08,1308,Monday,8,2022
2022-08-09,1309,Tuesday,8,2022
2022-08-10,1272,Wednesday,8,2022
2022-08-11,1250,Thursday,8,2022
2022-08-12,1332,Friday,8,2022
2022-08-13,1145,Saturday,8,2022
2022-08-14,1190,Sunday,8,2022
2022-08-15,1260,Monday,8,2022
2022-08-16,1306,Tuesday,8,2022
2022-08-17,1297,Wednesday,8,2022
2022-08-18,1330,Thursday,8,2022
2022-08-19,1251,Friday,8,2022
2022-08-20,1161,Saturday,8,2022
2022-08-21,1123,Sunday,8,2022
2022-08-22,1248,Monday,8,2022
2022-08-23,1288,Tuesday,8,2022
2022-08-24,1305,Wednesday,8,2022
2022-08-25,1219,Thursday,8,2022
2022-08-26,1407,Friday,8,2022
2022-08-27,1330,Saturday,8,2022
2022-08-28,1281,Sunday,8,2022
2022-08-29,1453,Monday,8,2022
2022-08-30,1319,Tuesday,8,2022
2022-08-31,1294,Wednesday,8,2022
2022-09-01,1166,Thursday,9,2022
2022-09-02,1329,Friday,9,2022
2022-09-03,1186,Saturday,9,2022
2022-09-04,1149,Sunday,9,2022
2022-09-05,1265,Monday,9,2022
2022-09-06,1193,Tuesday,9,2022
2022-09-07,1371,Wednesday,9,2022
2022-09-08,1254,Thursday,9,2022
2022-09-09,1252,Friday,9,2022
2022-09-10,1182,Saturday,9,2022
2022-09-11,1169,Sunday,9,2022
2022-09-12,1256,Monday,9,2022
2022-09-13,1204,Tuesday,9,2022
2022-09-14,1267,Wednesday,9,2022
2022-09-15,1337,Thursday,9,2022
2022-09-16,1309,Friday,9,2022
2022-09-17,1221,Saturday,9,2022
2022-09-18,1116,Sunday,9,2022
2022-09-19,1191,Monday,9,2022
2022-09-20,1234,Tuesday,9,2022
2022-09-21,1243,Wednesday,9,2022
2022-09-22,1295,Thursday,9,2022
2022-09-23,1156,Friday,9,2022
2022-09-24,1217,Saturday,9,2022
2022-09-25,1132,Sunday,9,2022
2022-09-26,1319,Monday,9,2022
2022-09-27,1290,Tuesday,9,2022
2022-09-28,1258,Wednesday,9,2022
2022-09-29,1382,Thursday,9,2022
2022-09-30,1345,Friday,9,2022
2022-10-01,1077,Saturday,10,2022
2022-10-02,1077,Sunday,10,2022
2022-10-03,1226,Monday,10,2022
2022-10-04,1327,Tuesday,10,2022
2022-10-05,1231,Wednesday,10,2022
2022-10-06,1169,Thursday,10,2022
2022-10-07,1233,Friday,10,2022
2022-10-08,1132,Saturday,10,2022
2022-10-09,1012,Sunday,10,2022
2022-10-10,1245,Monday,10,2022
2022-10-11,1237,Tuesday,10,2022
2022-10-12,1285,Wednesday,10,2022
2022-10-13,1343,Thursday,10,2022
2022-10-14,1308,Friday,10,2022
2022-10-15,1140,Saturday,10,2022
2022-10-16,1099,Sunday,10,2022
2022-10-17,1384,Monday,10,2022
2022-10-18,1260,Tuesday,10,2022
2022-10-19,1259,Wednesday,10,2022
2022-10-20,1259,Thursday,10,2022
2022-10-21,1272,Friday,10,2022
2022-10-22,1156,Saturday,10,2022
2022-10-23,1136,Sunday,10,2022
2022-10-24,1239,Monday,10,2022
2022-10-25,1267,Tuesday,10,2022
2022-10-26,1343,Wednesday,10,2022
2022-10-27,1336,Thursday,10,2022
2022-10-28,1379,Friday,10,2022
2022-10-29,1263,Saturday,10,2022
2022-10-30,1353,Sunday,10,2022
2022-10-31,1248,Monday,10,2022
2022-11-01,1337,Tuesday,11,2022
2022-11-02,1347,Wednesday,11,2022
2022-11-03,1183,Thursday,11,2022
2022-11-04,1272,Friday,11,2022
2022-11-05,1173,Saturday,11,2022
2022-11-06,1123,Sunday,11,2022
2022-11-07,1257,Monday,11,2022
2022-11-08,1243,Tuesday,11,2022
2022-11-09,1389,Wednesday,11,2022
2022-11-10,1351,Thursday,11,2022
2022-11-11,1370,Friday,11,2022
2022-11-12,1245,Saturday,11,2022
2022-11-13,1155,Sunday,11,2022
2022-11-14,1288,Monday,11,2022
2022-11-15,1342,Tuesday,11,2022
2022-11-16,1259,Wednesday,11,2022
2022-11-17,1359,Thursday,11,2022
2022-11-18,1314,Friday,11,2022
2022-11-19,1210,Saturday,11,2022
2022-11-20,1268,Sunday,11,2022
2022-11-21,1357,Monday,11,2022
2022-11-22,1320,Tuesday,11,2022
2022-11-23,1399,Wednesday,11,2022
2022-11-24,1291,Thursday,11,2022
2022-11-25,1379,Friday,11,2022
2022-11-26,1381,Saturday,11,2022
2022-11-27,1339,Sunday,11,2022
2022-11-28,1474,Monday,11,2022
2022-11-29,1398,Tuesday,11,2022
2022-11-30,1511,Wednesday,11,2022
2022-12-01,1358,Thursday,12,2022
2022-12-02,1345,Friday,12,2022
2022-12-03,1327,Saturday,12,2022
2022-12-04,1243,Sunday,12,2022
2022-12-05,1311,Monday,12,2022
2022-12-06,1307,Tuesday,12,2022
2022-12-07,1419,Wednesday,12,2022
2022-12-08,1328,Thursday,12,2022
2022-12-09,1484,Friday,12,2022
2022-12-10,1196,Saturday,12,2022
2022-12-11,1388,Sunday,12,2022
2022-12-12,1418,Monday,12,2022
2022-12-13,1406,Tuesday,12,2022
2022-12-14,1387,Wednesday,12,2022
2022-12-15,1438,Thursday,12,2022
2022-12-16,1420,Friday,12,2022
2022-12-17,1381,Saturday,12,2022
2022-12-18,1335,Sunday,12,2022
2022-12-19,1441,Monday,12,2022
2022-12-20,1419,Tuesday,12,2022
2022-12-21,1438,Wednesday,12,2022
2022-12-22,1460,Thursday,12,2022
2022-12-23,1363,Friday,12,2022
2022-12-24,1285,Saturday,12,2022
2022-12-25,1394,Sunday,12,2022
2022-12-26,1569,Monday,12,2022
2022-12-27,1555,Tuesday,12,2022
2022-12-28,1569,Wednesday,12,2022
2022-12-29,1589,Thursday,12,2022
2022-12-30,1549,Friday,12,2022
2022-12-31,1441,Saturday,12,2022
2023-01-01,1393,Sunday,1,2023
2023-01-02,1439,Monday,1,2023
2023-01-03,1512,Tuesday,1,2023
2023-01-04,1410,Wednesday,1,2023
2023-01-05,1551,Thursday,1,2023
2023-01-06,1527,Friday,1,2023
2023-01-07,1420,Saturday,1,2023
2023-01-08,1460,Sunday,1,2023
2023-01-09,1598,Monday,1,2023
2023-01-10,1569,Tuesday,1,2023
2023-01-11,1430,Wednesday,1,2023
2023-01-12,1462,Thursday,1,2023
2023-01-13,1499,Friday,1,2023
2023-01-14,1435,Saturday,1,2023
2023-01-15,1464,Sunday,1,2023
2023-01-16,1505,Monday,1,2023
2023-01-17,1555,Tuesday,1,2023
2023-01-18,1511,Wednesday,1,2023
2023-01-19,1522,Thursday,1,2023
2023-01-20,1486,Friday,1,2023
2023-01-21,1414,Saturday,1,2023
2023-01-22,1396,Sunday,1,2023
2023-01-23,1519,Monday,1,2023
2023-01-24,1624,Tuesday,1,2023
2023-01-25,1527,Wednesday,1,2023
2023-01-26,1810,Thursday,1,2023
2023-01-27,1707,Friday,1,2023
2023-01-28,1595,Saturday,1,2023
2023-01-29,1546,Sunday,1,2023
2023-01-30,1728,Monday,1,2023
2023-01-31,1667,Tuesday,1,2023
2023-02-01,1606,Wednesday,2,2023
2023-02-02,1731,Thursday,2,2023
2023-02-03,1602,Friday,2,2023
2023-02-04,1567,Saturday,2,2023
2023-02-05,1478,Sunday,2,2023
2023-02-06,1615,Monday,2,2023
2023-02-07,1708,Tuesday,2,2023
2023-02-08,1591,Wednesday,2,2023
2023-02-09,1716,Thursday,2,2023
2023-02-10,1664,Friday,2,2023
2023-02-11,1504,Saturday,2,2023
2023-02-12,1567,Sunday,2,2023
2023-02-13,1687,Monday,2,2023
2023-02-14,1672,Tuesday,2,2023
2023-02-15,1566,Wednesday,2,2023
2023-02-16,1611,Thursday,2,2023
2023-02-17,1637,Friday,2,2023
2023-02-18,1549,Saturday,2,2023
2023-02-19,1586,Sunday,2,2023
2023-02-20,1667,Monday,2,2023
2023-02-21,1594,Tuesday,2,2023
2023-02-22,1682,Wednesday,2,2023
2023-02-23,1697,Thursday,2,2023
2023-02-24,1697,Friday,2,2023
2023-02-25,1625,Saturday,2,2023
2023-02-26,1715,Sunday,2,2023
2023-02-27,1799,Monday,2,2023
2023-02-28,1775,Tuesday,2,2023
2023-03-01,1598,Wednesday,3,2023
2023-03-02,1704,Thursday,3,2023
2023-03-03,1695,Friday,3,2023
2023-03-04,1601,Saturday,3,2023
2023-03-05,1525,Sunday,3,2023
2023-03-06,1637,Monday,3,2023
2023-03-07,1746,Tuesday,3,2023
2023-03-08,1693,Wednesday,3,2023
2023-03-09,1731,Thursday,3,2023
2023-03-10,1700,Friday,3,2023
2023-03-11,1602,Saturday,3,2023
2023-03-12,1649,Sunday,3,2023
2023-03-13,1678,Monday,3,2023
2023-03-14,1710,Tuesday,3,2023
2023-03-15,1684,Wednesday,3,2023
2023-03-16,1687,Thursday,3,2023
2023-03-17,1695,Friday,3,2023
2023-03-18,1623,Saturday,3,2023
2023-03-19,1589,Sunday,3,2023
2023-03-20,1777,Monday,3,2023
2023-03-21,1671,Tuesday,3,2023
2023-03-22,1707,Wednesday,3,2023
2023-03-23,1696,Thursday,3,2023
2023-03-24,1791,Friday,3,2023
2023-03-25,1629,Saturday,3,2023
2023-03-26,1772,Sunday,3,2023
2023-03-27,1747,Monday,3,2023
2023-03-28,1835,Tuesday,3,2023
2023-03-29,1867,Wednesday,3,2023
2023-03-30,1828,Thursday,3,2023
2023-03-31,1877,Friday,3,2023
2023-04-01,1599,Saturday,4,2023
2023-04-02,1696,Sunday,4,2023
2023-04-03,1841,Monday,4,2023
2023-04-04,1708,Tuesday,4,2023
2023-04-05,1704,Wednesday,4,2023
2023-04-06,1799,Thursday,4,2023
2023-04-07,1806,Friday,4,2023
2023-04-08,1601,Saturday,4,2023
2023-04-09,1606,Sunday,4,2023
2023-04-10,1713,Monday,4,2023
2023-04-11,1660,Tuesday,4,2023
2023-04-12,1681,Wednesday,4,2023
2023-04-13,1677,Thursday,4,2023
2023-04-14,1688,Friday,4,2023
2023-04-15,1625,Saturday,4,2023
2023-04-16,1638,Sunday,4,2023
2023-04-17,1803,Monday,4,2023
2023-04-18,1675,Tuesday,4,2023
2023-04-19,1774,Wednesday,4,2023
2023-04-20,1713,Thursday,4,2023
2023-04-21,1721,Friday,4,2023
2023-04-22,1657,Saturday,4,2023
2023-04-23,1566,Sunday,4,2023
2023-04-24,1741,Monday,4,2023
2023-04-25,1729,Tuesday,4,2023
2023-04-26,1844,Wednesday,4,2023
2023-04-27,1833,Thursday,4,2023
2023-04-28,1941,Friday,4,2023
2023-04-29,1685,Saturday,4,2023
2023-04-30,1689,Sunday,4,2023
2023-05-01,1683,Monday,5,2023
2023-05-02,1686,Tuesday,5,2023
2023-05-03,1680,Wednesday,5,2023
2023-05-04,1770,Thursday,5,2023
2023-05-05,1780,Friday,5,2023
2023-05-06,1579,Saturday,5,2023
2023-05-07,1565,Sunday,5,2023
2023-05-08,1729,Monday,5,2023
2023-05-09,1676,Tuesday,5,2023
2023-05-10,1733,Wednesday,5,2023
2023-05-11,1710,Thursday,5,2023
2023-05-12,1623,Friday,5,2023
2023-05-13,1674,Saturday,5,2023
2023-05-14,1685,Sunday,5,2023
2023-05-15,1662,Monday,5,2023
2023-05-16,1672,Tuesday,5,2023
2023-05-17,1704,Wednesday,5,2023
2023-05-18,1704,Thursday,5,2023
2023-05-19,1718,Friday,5,2023
2023-05-20,1684,Saturday,5,2023
2023-05-21,1572,Sunday,5,2023
2023-05-22,1639,Monday,5,2023
2023-05-23,1608,Tuesday,5,2023
2023-05-24,1638,Wednesday,5,2023
2023-05-25,1671,Thursday,5,2023
2023-05-26,1860,Friday,5,2023
2023-05-27,1642,Saturday,5,2023
2023-05-28,1677,Sunday,5,2023
2023-05-29,1762,Monday,5,2023
2023-05-30,1820,Tuesday,5,2023
2023-05-31,1885,Wednesday,5,2023
2023-06-01,1629,Thursday,6,2023
2023-06-02,1629,Friday,6,2023
2023-06-03,1603,Saturday,6,2023
2023-06-04,1582,Sunday,6,2023
2023-06-05,1738,Monday,6,2023
2023-06-06,1672,Tuesday,6,2023
2023-06-07,1622,Wednesday,6,2023
2023-06-08,1667,Thursday,6,2023
2023-06-09,1690,Friday,6,2023
2023-06-10,1573,Saturday,6,2023
2023-06-11,1555,Sunday,6,2023
2023-06-12,1680,Monday,6,2023
2023-06-13,1682,Tuesday,6,2023
2023-06-14,1690,Wednesday,6,2023
2023-06-15,1651,Thursday,6,2023
2023-06-16,1607,Friday,6,2023
2023-06-17,1520,Saturday,6,2023
2023-06-18,1570,Sunday,6,2023
2023-06-19,1566,Monday,6,2023
2023-06-20,1622,Tuesday,6,2023
2023-06-21,1581,Wednesday,6,2023
2023-06-22,1600,Thursday,6,2023
2023-06-23,1659,Friday,6,2023
2023-06-24,1502,Saturday,6,2023
2023-06-25,1492,Sunday,6,2023
2023-06-26,1618,Monday,6,2023
2023-06-27,1721,Tuesday,6,2023
2023-06-28,1713,Wednesday,6,2023
2023-06-29,1786,Thursday,6,2023
2023-06-30,1659,Friday,6,2023
2023-07-01,1482,Saturday,7,2023
2023-07-02,1481,Sunday,7,2023
2023-07-03,1644,Monday,7,2023
2023-07-04,1558,Tuesday,7,2023
2023-07-05,1574,Wednesday,7,2023
2023-07-06,1587,Thursday,7,2023
2023-07-07,1563,Friday,7,2023
2023-07-08,1428,Saturday,7,2023
2023-07-09,1457,Sunday,7,2023
2023-07-10,1598,Monday,7,2023
2023-07-11,1490,Tuesday,7,2023
2023-07-12,1545,Wednesday,7,2023
2023-07-13,1501,Thursday,7,2023
2023-07-14,1593,Friday,7,2023
2023-07-15,1354,Saturday,7,2023
2023-07-16,1399,Sunday,7,2023
2023-07-17,1543,Monday,7,2023
2023-07-18,1600,Tuesday,7,2023
2023-07-19,1515,Wednesday,7,2023
2023-07-20,1488,Thursday,7,2023
2023-07-21,1607,Friday,7,2023
2023-07-22,1338,Saturday,7,2023
2023-07-23,1297,Sunday,7,2023
2023-07-24,1527,Monday,7,2023
2023-07-25,1477,Tuesday,7,2023
2023-07-26,1548,Wednesday,7,2023
2023-07-27,1632,Thursday,7,2023
2023-07-28,1606,Friday,7,2023
2023-07-29,1463,Saturday,7,2023
2023-07-30,1424,Sunday,7,2023
2023-07-31,1629,Monday,7,2023
2023-08-01,1516,Tuesday,8,2023
2023-08-02,1476,Wednesday,8,2023
2023-08-03,1571,Thursday,8,2023
2023-08-04,1422,Friday,8,2023
2023-08-05,1297,Saturday,8,2023
2023-08-06,1336,Sunday,8,2023
2023-08-07,1466,Monday,8,2023
2023-08-08,1478,Tuesday,8,2023
2023-08-09,1452,Wednesday,8,2023
2023-08-10,1479,Thursday,8,2023
2023-08-11,1397,Friday,8,2023
2023-08-12,1429,Saturday,8,2023
2023-08-13,1351,Sunday,8,2023
2023-08-14,1509,Monday,8,2023
2023-08-15,1468,Tuesday,8,2023
2023-08-16,1472,Wednesday,8,2023
2023-08-17,1475,Thursday,8,2023
2023-08-18,1467,Friday,8,2023
2023-08-19,1375,Saturday,8,2023
2023-08-20,1407,Sunday,8,2023
2023-08-21,1449,Monday,8,2023
2023-08-22,1473,Tuesday,8,2023
2023-08-23,1431,Wednesday,8,2023
2023-08-24,1506,Thursday,8,2023
2023-08-25,1398,Friday,8,2023
2023-08-26,1521,Saturday,8,2023
2023-08-27,1427,Sunday,8,2023
2023-08-28,1456,Monday,8,2023
2023-08-29,1533,Tuesday,8,2023
2023-08-30,1491,Wednesday,8,2023
2023-08-31,1565,Thursday,8,2023
2023-09-01,1389,Friday,9,2023
2023-09-02,1299,Saturday,9,2023
2023-09-03,1225,Sunday,9,2023
2023-09-04,1396,Monday,9,2023
2023-09-05,1296,Tuesday,9,2023
2023-09-06,1337,Wednesday,9,2023
2023-09-07,1453,Thursday,9,2023
2023-09-08,1454,Friday,9,2023
2023-09-09,1335,Saturday,9,2023
2023-09-10,1264,Sunday,9,2023
2023-09-11,1410,Monday,9,2023
2023-09-12,1411,Tuesday,9,2023
2023-09-13,1353,Wednesday,9,2023
2023-09-14,1485,Thursday,9,2023
2023-09-15,1453,Friday,9,2023
2023-09-16,1298,Saturday,9,2023
2023-09-17,1310,Sunday,9,2023
2023-09-18,1418,Monday,9,2023
2023-09-19,1306,Tuesday,9,2023
2023-09-20,1395,Wednesday,9,2023
2023-09-21,1373,Thursday,9,2023
2023-09-22,1357,Friday,9,2023
2023-09-23,1293,Saturday,9,2023
2023-09-24,1397,Sunday,9,2023
2023-09-25,1439,Monday,9,2023
2023-09-26,1479,Tuesday,9,2023
2023-09-27,1536,Wednesday,9,2023
2023-09-28,1577,Thursday,9,2023
2023-09-29,1554,Friday,9,2023
2023-09-30,1411,Saturday,9,2023
2023-10-01,1276,Sunday,10,2023
2023-10-02,1444,Monday,10,2023
2023-10-03,1429,Tuesday,10,2023
2023-10-04,1455,Wednesday,10,2023
2023-10-05,1442,Thursday,10,2023
2023-10-06,1464,Friday,10,2023
2023-10-07,1285,Saturday,10,2023
2023-10-08,1379,Sunday,10,2023
2023-10-09,1424,Monday,10,2023
2023-10-10,1518,Tuesday,10,2023
2023-10-11,1381,Wednesday,10,2023
2023-10-12,1503,Thursday,10,2023
2023-10-13,1428,Friday,10,2023
2023-10-14,1286,Saturday,10,2023
2023-10-15,1296,Sunday,10,2023
2023-10-16,1405,Monday,10,2023
2023-10-17,1444,Tuesday,10,2023
2023-10-18,1450,Wednesday,10,2023
2023-10-19,1397,Thursday,10,2023
2023-10-20,1426,Friday,10,2023
2023-10-21,1436,Saturday,10,2023
2023-10-22,1416,Sunday,10,2023
2023-10-23,1454,Monday,10,2023
2023-10-24,1435,Tuesday,10,2023
2023-10-25,1441,Wednesday,10,2023
2023-10-26,1568,Thursday,10,2023
2023-10-27,1488,Friday,10,2023
2023-10-28,1428,Saturday,10,2023
2023-10-29,1359,Sunday,10,2023
2023-10-30,1565,Monday,10,2023
2023-10-31,1579,Tuesday,10,2023
2023-11-01,1425,Wednesday,11,2023
2023-11-02,1530,Thursday,11,2023
2023-11-03,1392,Friday,11,2023
2023-11-04,1283,Saturday,11,2023
2023-11-05,1369,Sunday,11,2023
2023-11-06,1513,Monday,11,2023
2023-11-07,1547,Tuesday,11,2023
2023-11-08,1443,Wednesday,11,2023
2023-11-09,1522,Thursday,11,2023
2023-11-10,1469,Friday,11,2023
2023-11-11,1365,Saturday,11,2023
2023-11-12,1420,Sunday,11,2023
2023-11-13,1511,Monday,11,2023
2023-11-14,1403,Tuesday,11,2023
2023-11-15,1558,Wednesday,11,2023
2023-11-16,1556,Thursday,11,2023
2023-11-17,1459,Friday,11,2023
2023-11-18,1413,Saturday,11,2023
2023-11-19,1421,Sunday,11,2023
2023-11-20,1512,Monday,11,2023
2023-11-21,1474,Tuesday,11,2023
2023-11-22,1472,Wednesday,11,2023
2023-11-23,1507,Thursday,11,2023
2023-11-24,1570,Friday,11,2023
2023-11-25,1442,Saturday,11,2023
2023-11-26,1499,Sunday,11,2023
2023-11-27,1660,Monday,11,2023
2023-11-28,1482,Tuesday,11,2023
2023-11-29,1685,Wednesday,11,2023
2023-11-30,1544,Thursday,11,2023
2023-12-01,1516,Friday,12,2023
2023-12-02,1382,Saturday,12,2023
2023-12-03,1377,Sunday,12,2023
2023-12-04,1603,Monday,12,2023
2023-12-05,1525,Tuesday,12,2023
2023-12-06,1569,Wednesday,12,2023
2023-12-07,1553,Thursday,12,2023
2023-12-08,1583,Friday,12,2023
2023-12-09,1467,Saturday,12,2023
2023-12-10,1402,Sunday,12,2023
2023-12-11,1620,Monday,12,2023
2023-12-12,1549,Tuesday,12,2023
2023-12-13,1500,Wednesday,12,2023
2023-12-14,1560,Thursday,12,2023
2023-12-15,1660,Friday,12,2023
2023-12-16,1531,Saturday,12,2023
2023-12-17,1475,Sunday,12,2023
2023-12-18,1579,Monday,12,2023
2023-12-19,1584,Tuesday,12,2023
2023-12-20,1708,Wednesday,12,2023
2023-12-21,1627,Thursday,12,2023
2023-12-22,1633,Friday,12,2023
2023-12-23,1567,Saturday,12,2023
2023-12-24,1531,Sunday,12,2023
2023-12-25,1610,Monday,12,2023
2023-12-26,1717,Tuesday,12,2023
2023-12-27,1727,Wednesday,12,2023
2023-12-28,1733,Thursday,12,2023
2023-12-29,1775,Friday,12,2023
2023-12-30,1645,Saturday,12,2023
2023-12-31,1683,Sunday,12,2023
